<?xml version="1.0" encoding="UTF-8"?>
<project-private xmlns="http://www.netbeans.org/ns/project-private/1">
    <editor-bookmarks xmlns="http://www.netbeans.org/ns/editor-bookmarks/2" lastBookmarkId="0"/>
    <open-files xmlns="http://www.netbeans.org/ns/projectui-open-files/2">
        <group>
            <file>file:/C:/Users/colle/Documents/NetBeansProjects/GcashManagement/src/Forms/Menu5.java</file>
            <file>file:/C:/Users/colle/Documents/NetBeansProjects/GcashManagement/src/Forms/Menu2.java</file>
            <file>file:/C:/Users/colle/Documents/NetBeansProjects/GcashManagement/src/Forms/backup.java</file>
            <file>file:/C:/Users/colle/Documents/NetBeansProjects/GcashManagement/src/Forms/cashinAdd.java</file>
            <file>file:/C:/Users/colle/Documents/NetBeansProjects/GcashManagement/src/Forms/user_login.java</file>
            <file>file:/C:/Users/colle/Documents/NetBeansProjects/GcashManagement/src/Forms/Menu3.java</file>
            <file>file:/C:/Users/colle/Documents/NetBeansProjects/GcashManagement/src/Forms/registration.java</file>
            <file>file:/C:/Users/colle/Documents/NetBeansProjects/GcashManagement/src/Forms/Cashin.java</file>
            <file>file:/C:/Users/colle/Documents/NetBeansProjects/GcashManagement/src/Forms/Menu1.java</file>
            <file>file:/C:/Users/colle/Documents/NetBeansProjects/GcashManagement/src/Forms/Cashout.java</file>
            <file>file:/C:/Users/colle/Documents/NetBeansProjects/GcashManagement/src/Forms/Menu4.java</file>
            <file>file:/C:/Users/colle/Documents/NetBeansProjects/GcashManagement/src/Forms/invoices.java</file>
            <file>file:/C:/Users/colle/Documents/NetBeansProjects/GcashManagement/src/Forms/dashboard.java</file>
        </group>
    </open-files>
</project-private>
